A0A482JPF1	12	12	#ff2d0f	GenSpectrum	T12I
A0A482JPF1	13	13	#fff1ef	GenSpectrum	T13I
A0A482JPF1	18	18	#ff9b84	GenSpectrum	V18I
A0A482JPF1	23	23	#ff6e40	GenSpectrum	A23T
A0A482JPF1	47	47	#ffebd9	GenSpectrum	A47T
A0A482JPF1	48	48	#fff3e7	GenSpectrum	L48I
A0A482JPF1	51	51	#fffbf6	GenSpectrum	G51S
A0A482JPF1	341	341	#f3f8ff	GenSpectrum	W341G
A0A482JPF1	341	341	#e8f2ff	GenSpectrum	W341R
A0A482JPF1	512	512	#ffbbe7	GenSpectrum	L512*
A0A482JPF1	512	512	#ffeef9	GenSpectrum	L512S
A0A482JPF1	521	521	#ffe8f5	GenSpectrum	S521A
A0A482JPF1	521	521	#ffe1f2	GenSpectrum	S521P
A0A482JPF1	521	521	#ffe7f4	GenSpectrum	S521T
A0A482JPF1	567	567	#ffe2e5	GenSpectrum	I567V